key,value
Philanthropists,2
Savage,2
child,1
Kensington,1
Heights,6
Foundation,3
Vinci,3
Biswas,1
Watch,2
Western,5
Long,,1
Changing,1
Mystery,1
League,1
Getaway,1
Slaves,1
Henry,6
Military,1
Traveler's,5
Less,1
Bacon,1
Heartbreak,1
Sands,1
Grave,1
Go,3
Sunrise,1
Impersonation,1
force,1
Hunters,1
Nightmare,1
Comrade,1
Strange,9
Attitudes,1
7th,2
me?,1
Charade,1
Sophie's,1
G,1
User's,2
Callar,1
Deronda,1
lights,1
Game,8
Hamilton,1
Put,1
Twilight,3
Niro's,1
kicked,1
Trent's,1
Swimsuit,1
Ohio,1
Vanities,1
Finzi-Cortinis,1
Devils,1
Queen,3
Pieces,1
Wonderland,4
Home,3
Absolute,1
Earthsea,1
Group,1
Giving,1
Three,8
Also,2
Behind,1
Book,6
Piano,2
Ipcress,1
Offshore,1
Tent,1
Sirens,2
Star,2
Accidental,1
Cholera,4
Vernon,1
music,1
Compass,1
Bourne,1
Brighton,2
Catcher,9
Ministry,1
Outing,1
Corrigan,,1
Chronicles,5
Shirley,1
me,1
Need,1
Crowd,2
Sawtelle,1
Hollow,1
View,1
Money,1
my,4
Le,3
Assegai,1
La,5
dragons,1
Poet,1
Lord,16
Eagle,1
LA,1
Journal,1
machine,1
how,1
Ruislip,1
Conservationist,1
Falcon,1
Londoners,1
beach,1
A,110
Illywhacker,1
Brewster's,1
Wild,3
Saddness,1
All,10
splendid,1
Ali,1
Ale,1
goodbye,1
things,2
Werther,2
Beyond,1
McLaughlins,1
Eye,3
Jurassic,1
over,2
Hetty,1
She-Devil,1
Roadside,1
Cryptonomicon,2
Gardener,1
Sportswriter,1
His,9
Hero,1
Onegin,1
Here,2
Emerald,1
Judge,1
Victory:,1
Survivor,1
Ordeal,2
Keepers,1
Possession:,1
Travels,4
Steps,1
Goldmund,1
bank,1
Misery,1
l'ecole,1
Gnostic,1
Cairo,2
India,2
Four,2
Shame,1
Walden,2
Curious,3
bone,1
luck,1
Rainbow,3
meets,1
Prefer,1
Riding,1
dawn,1
Styles,1
Andromeda,1
Radetzky,1
William,1
Rabbit,4
Barset,1
Millstone,1
Hold,1
Pier,1
Vanity,3
associate,1
Loneliness,1
Work,1
Riddley,1
wanted,2
Psycho,1
Cubas,1
Disgrace,3
Kinky,1
September,1
Horn,1
prodigal,1
Human,5
Girlfriend,1
Interpreter,1
Absalom,,1
Morvern,1
Bridget,2
Screw,1
Traveller,2
Fight,2
Regained,1
Wondrous,1
Handley,1
Alexanderplatz,1
Narnia,5
Midwich,1
Sorrow,1
girls,1
Uncle,3
Rebecca,4
Search,1
B,1
Splendid,2
Shrimp,1
Twice,2
Edge,2
Sunset,1
was,,1
Fun,1
Post,1
Beautiful,2
Code,5
Vilette,1
Consider,1
Verses,1
Elected,1
See,1
Gang,2
Sea,9
Galaxy,9
Adiga.,1
Dying,3
On,12
Crab,1
Angels,4
Each,1
Then,1
Staying,2
traditionally,1
-,1
Pursuit,1
They,2
Vicarage,1
Nausea,1
Jones,2
Go-Between,1
Wise,1
Artist,2
Confederates,1
Posthumous,1
Slender,1
Soldier's,1
Egoist,1
Ivan,1
Relentless,1
Vision,1
Jacques,1
Pantagruel,1
Promises,1
Sanctuary,1
Crow,1
Brideshead,2
Mambo,1
Native,1
Leibowitz,1
scream,1
Slouching,1
Sarah,1
Finnegans,1
queen,2
Noise,1
Sacred,2
Anne,4
Confessions,4
Anna,7
Mary,,1
Guernica,1
Big,6
Beasts,1
lickin',1
Bit,1
scripture,1
Nowhere,2
do,1
Spot?,1
Havana,1
Whores,1
Thirty-Nine,1
Tricks,1
de,2
Days,4
Udolpho,1
Denisovtich,1
Crime,10
Quartet,1
Conversions,1
Cristo,3
Rector's,1
She:,1
Over,4
Washington,1
Agent,1
Dorritt,1
twice,1
bad,1
Mockingbird,11
Cat's,2
Sheltering,1
Inheritance,1
Doodle,1
Oblomov,1
Twenties,1
Boy's,1
Tiffany's,1
John,1
Badge,1
best,1
Run,1
Dwarf,1
Rum,1
Rise,1
Rock,2
Choice,1
fugue,1
Clarke,1
Central,1
Shaped,1
Atomised,1
Hawk,1
TIme,1
Tree,4
Edgar,1
Soldier,3
Oblivion,1
Woodlanders,1
Williwaw,1
Counted,1
Arm,1
Pledge,1
Dance,2
Malice,1
Corsair,1
Dawn,2
Illusions,1
Epileptic,1
Snow,3
Fatherland,1
Parade's,1
Forest,2
Borders,1
Giver,1
Castafiore,1
Arctic,1
Southern,1
been,1
Early,1
You've,1
Prisoner,1
Flowers,2
scarecrow,1
life,2
Adams,1
Luck,1
Bloodline,1
Cry,1
Loitering,1
Haunting,1
Gruffalo,1
Night,9
Indemnity,1
Voice,1
Holmes,1
Strangers,1
Debt,1
Wasp,2
Herzog,1
played,1
is,9
it,6
Shift,1
Carpenters,1
Nat,1
in,86
march,1
Falling,1
Tell,2
Horses,1
Main,1
Around,1
Dracula,3
Uncommon,1
Driver's,1
G.,1
Die,2
Worlds,2
Room,8
Wuthering,6
Claws,1
Institute,1
Grandet,1
Roof,1
hand,1
Faust,1
Willowes,1
mother's,2
1977,1
Riddle,1
1974,1
Cruel,1
Parma,1
the,273
left,1
snowman,1
Thank,1
Destination,1
Able,1
Fathom,1
Passage,3
Gantry,1
Chaise-longue,1
Paddy,1
Eternity,1
Puckoon,1
Suitable,2
Groan,1
Oscar,4
Eighty,1
Connecticut,1
Casterbridge,1
Briarpatch,1
News,4
has,1
Top,1
Apart,2
Restaurant,1
McPheeters,1
Alice,4
Morning,3
birth,1
Ennui,1
Acres,2
Wind,13
Heart,11
July's,1
Art,3
mansions,1
gift,1
hunt,1
52,1
Are,2
Ark,2
Prince,5
Warren,1
Now,,1
Merchants,1
Sybil,1
people,1
Idiot,2
Reader,2
King's,1
dead,3
Samarkand,1
Tropical,1
Optimist's,1
Life,19
for,30
Siege,2
Nobody,2
Les,9
Lev,2
Ha,3
Gray,3
Place,1
eye,1
Property,1
Think,1
First,2
Dimitrios,1
Fair,4
Ambersons,2
Nightwood,1
Lynne,1
Fireflies,1
Birds,1
Clayhanger,1
Lovers,1
lies,1
Adano,1
Ends,2
Carp,,1
Unless,1
Belief,1
Dragon,1
Hand,1
Regency,1
Lightship,1
call,1
Bonjour,1
was,2
Infamous,1
Caine,2
Dalloway,2
Jean,2
Famished,2
Left,1
Golden,5
Fantomas,1
Whom,5
Tono,1
County,1
Patience,1
Odd,1
Lolita,7
Tales,4
Free,1
Madman,1
Virgin,2
Virgil,1
Unfortunate,1
Humboldt's,2
Justified,1
face,1
Auto-da-Fe,1
Handle,1
Tibet,1
when,1
Falls,2
Westminster,1
Philosopher's,1
Double,2
football,1
Trial,2
journey,1
intent,1
Gardens,1
Charley,1
Echoing,1
Madness,1
Estate,1
Color,5
Vathek,1
Crescent,1
Jest,2
Karenina,7
Discworld,1
Roger,1
Empire,2
Nights,2
GB84,1
V,1
Stain,1
Pride,7
Slaughterhouse-Five,5
Bold,1
Peel,1
Maidservant,1
Intent,1
Ender's,4
Day,13
Watership,3
Wept,1
Policeman,2
Grove,1
Adventures,23
Papers:,1
Foucault's,1
trouble,2
Where,3
Ulysses,4
Just,3
Duchess,1
Fidelity,1
George,1
Kevin,1
Rey,1
be,3
Romance,3
Rich,2
Jane,6
Rice,1
Clinker,1
Red,11
Mischief,1
Ford,1
Heat,2
Innocence,2
Carrie's,1
Bungay,1
appeal,1
True,3
Me,1
Forever,1
jury,1
Stafford),1
Age,3
Quiet,5
Belles,1
Moonstone,2
Lays,1
Mr,9
Outgrow,1
Times,2
My,13
box,1
Mister,1
guilty,1
Dead,7
Born,3
Legacy,2
Dear,1
Seen,1
love,2
Horrid,6
Justice,1
It's,1
Sail,1
When,2
Abbey,2
Member,2
Eastwick,1
Fountain,1
Alberta,1
Complaint,1
Cupboard,1
August,1
Dies,1
Sharpe's,1
Damned,1
Tiger,2
Lunch,3
Torts,1
Cities,6
Bras,1
Bede,1
(1969-2010),1
Orlando,1
Life:,2
Arrowsmith,1
Asher,2
Dharma,1
Jimmy,1
Time,17
Charterhouse,1
Orchids,1
Family,6
Saga,1
Magnificent,2
soul,1
Maladies,1
Down,4
Awakening,1
Sheep?,3
Our,4
Children,8
Out,1
heart,3
Monkey,1
Executioner's,1
Evidence,1
Haggard's,1
Diaries,1
Who,3
Philosophers,1
Fruit,1
Candleford,1
Their,2
Why,1
Presumed,1
Riverton,1
Martin,3
Powers,1
man,3
Tril,1
Scar,1
Shoes,1
Fury,4
6th,1
Watching,1
Radio,1
Trebizond,1
Ship,1
Trip,1
Jeeves,1
Wrath,8
Breaking,3
Jar,4
Pillars,2
Walzer,1
White,9
Birdsong,2
Rain,2
window,1
Defiance,1
World,15
Sinner,1
Aravind,1
Grace,1
Hiding,1
mega-mean,1
Sister,2
Anthills,1
Folly,1
Eyre,6
Lonesome,3
inversion,1
Joaquim,1
Solitude,10
Yellow,2
Mile,1
Ishmael,1
Suicides,1
Svejk,1
Mill,1
Jackal,1
Detectives,2
Pere,1
Museum,1
Peregrine,1
or,,2
year,1
Dark-Adapted,1
girl,5
Indifference,1
Eugenie,1
Raquin,1
Elizabeth,1
Joy,1
Leopard,4
Manchurian,1
Norwegian,1
Journey,5
Plague,1
Key,1
Saturn,1
Tragedy,1
Stone,5
monster,1
Places,2
Bondage,3
Cover,1
Jude,2
Darkmans,1
Stand,2
Knave,1
Bamboo,1
care,1
Blind,3
Education,1
Asphalt,1
Being,6
Consent,1
Z,1
Sign,1
Kestrel,1
place,1
L'Histoire,1
Brodie,2
Atrocity,1
Even,1
Giant,1
Wanderer,1
There,2
Royal,1
Kelly,2
Black,8
Stars,1
Lolita,,1
open,1
tomorrow,2
little,2
Notebook,2
white,4
Dove,4
Margarita,4
Keeping,1
Krishnapur,2
Talented,1
season,1
Naked,3
Dirty,1
History,10
Kalamazoo,1
10,1
Seven,1
Identity,1
Love,19
Briest,1
Titan,2
Parasites,1
Professor's,1
Strait,1
Advertise,1
Yankee,1
and,125
Autobiography,1
Court,1
look,1
Expectations,3
Apley,1
Call,2
Valley,3
Do,4
De,1
Da,3
Pinfold,1
Titmuss,1
take,1
Howards,1
Maltese,1
wanting,1
Dr,4
Hall,3
Waterland,1
Name,7
Parrot,1
206,1
price,1
Signs,1
complaints,1
knee,1
forever,1
London,,1
tooth,1
Buck,1
Amsterdam,1
Ascent,2
Juliet,,1
Web,2
Whose,1
Huckleberry,7
Candidate,1
Barry,1
Adrian,1
Sky,1
Demons,1
Graduate,1
Night-time,1
Gate,1
Tess,5
colours,2
We,3
Woman,3
robs,1
Berlin,2
Lyndon,1
going,1
Diary,7
Machine,1
Surprising,1
Coyle,1
Caged,1
Leaves,2
Bluest,1
Turn,1
Obscure,2
Chuzzlewit,1
Remembering,1
Opinions,3
Angel,1
Winnie,3
Bell,10
Chapters,1
naked,1
quickie,1
Hound,2
Stood,1
Rings,10
Camillo,1
Mutiny,2
Grand,3
Blandish,1
Babylon,1
Greenmantle,1
Hours,1
behind,1
Than,1
Bible,2
Johnson,1
Alchemist,1
Burmese,1
Babbitt,1
Brown's,1
Were,3
Mahoney,1
Mansions:,1
Hyperion,1
Songs,1
Monte,3
Bel-Ami,1
Darwin's,1
Overflows,1
Month,1
Sorrows,2
Through,2
Decline,2
Death,11
Guest,1
Pictures,1
Teeth,2
Hangover,1
Songbird,1
Hundred,9
Events,1
Them,1
When?,1
Pain,1
Electric,3
Beauty,5
Stick,1
Bete,1
Known,1
Princess,2
Moby-Dick,8
Sargasso,1
thousand,1
Cakes,1
Madame,4
tiger,2
Ackroyd,1
Jungle,5
Sword,1
Commander,1
Looking-Glass,1
Metamorphosis,1
Goldfinger,1
Venice,1
Circus,1
Jones's,2
Factory,4
Looking,1
someone,1
Pickwick,1
Zenda,1
different,1
Towards,2
Childhood's,1
heartbreak,1
Witch,1
Blood,4
Coyote,1
Carol,2
Silver,1
Whisky,1
week,1
Jodie,1
Amado,1
I,8
nest,1
Canticle,1
Galore,1
Sidewalk,1
Dream,5
Own,1
Manor,1
Made,1
Is,2
Souls,3
Triffids,1
Roofs,1
Poisonwood,2
At-Swim-Two-Birds,1
bodies,1
If,3
You're,1
Mole,,1
(Jean,1
Killer,1
money,1
Bosom,1
Up!,1
Daniel,2
Lions,2
Judith,1
death,1
Bonfire,2
Olive,1
(C,1
Harvest,1
skies,1
Andrews,1
Trilogy,4
Potato,1
rules,1
Island,6
Camp,1
Eclipse,2
Terrible,1
Perfume,1
Tale,17
Solomon,2
Aunt,2
Middlemarch,4
Teach,1
Came,1
Cheever,1
Shark,1
Brave,6
Zuleika,1
stranger,1
Pie,1
Augustus,1
London,3
Something,2
Medusa,1
Dress,1
Before,1
Wind-Up,1
Army,1
West,1
Ned,1
Silks,1
Arms,4
Mark,1
Amazing,3
Master,7
Mars,1
Midnight's,4
Ours,2
Net,2
Mary,3
Carried,1
Goose,1
Hello,1
Ringworld,1
Men,13
Rites,1
moon,1
Pompey,1
babysitter,1
Wake,1
Einstein's,1
Dry,1
business,1
Zami,1
broken,1
You'll,1
Gaul,1
Dressler:,1
Goodbye,3
Zhivago,2
Corelli's,1
Barchester,1
Revolution,1
island,1
Transit,1
Autumn,1
Paper,1
wolf,1
Prayer,4
ou,1
Millions,1
or,6
Story,4
burning,1
No,4
Pimpernel,1
Maintenance,2
Ada,1
End,7
your,2
Store,1
Nest,4
there,1
Collection,2
Blacklist,1
Bachelor,1
Cookie,1
low,1
Letter,4
Rose,3
Infinite,2
Flashman,1
Prestige,1
wobbly,1
Emma,4
Remember,1
Ragged,2
Debacle,1
Harry,6
Walker,1
Constant,1
Castle,5
with,14
Guide,9
Heavy,1
Finkler,1
House,14
Nouvelle,1
Androids,3
Society,1
Eddie,1
Tailor,,1
Claiborne,1
Effi,1
Shrugged,3
Boat,1
darker,3
Paths,2
USA,1
Space,3
Thursday,1
an,3
How,5
as,3
at,15
lifetime,1
Ferdinand,1
Pudd'nhead,1
Shorty,1
Spies,1
Dark,7
tight,1
Dorrit,1
Lay,3
you,1
Lady,6
Kidnapped,1
Tailer,,1
Las,1
Wide,1
Great,14
Alex,2
Chronicle,4
Vendetta,1
Fields,2
symbol,1
time,5
drift,1
peas,1
dies,1
Testimony,1
Sensibility,3
Disparition,1
Pickle,1
13,1
Wives',1
Arcturus,1
Vicar,1
wife,2
Runner,5
Rabbi,1
Blas,1
Gypsy,2
Street,2
Paradoxes,1
Winter,1
suns,1
Noon,2
Moon,6
Station,1
Soldier,,1
Evie,1
Kitteridge,1
Trees,1
to,40
Eat,1
Moviegoer,1
woman,1
swallows,1
Sale,1
Report,1
Wolf,2
Assassin,2
Salt,1
Punishment,9
heaven,2
Porter),1
Don't,1
Hearne,1
Adversary,1
Midnight,1
Rest,1
Roderick,1
Kill,13
Motorcycle,2
Soldiers,1
Breakfast,3
Must,2
Carpet,1
Tolls,5
Gravity's,2
Only,3
East,4
Swimming-Pool,1
will,2
Patient,2
darkness,2
Backlands,1
Casmurro,1
Enigma,1
Neuromancer,1
Mice,4
wrecker,1
Bleak,2
Gift,2
Charlie,1
K,1
Rubyfruit,1
Trainspotting,1
Tintin,1
Silence,4
Tourist,2
Gargoyle,1
Humphry,1
Trumpet,1
Justine,1
brutal,1
Silas,2
Sacaramouche,1
Madding,2
Devil,3
Hobbit,5
Darkness,8
family,1
Things,13
Molesworth,1
Lighthouse,2
Lucky,2
Too,1
Animal,7
Tom,5
Absalom!,1
Dolls,1
Crash,4
Manservant,1
D'Urbervilles,3
Roofbeam,,1
Warden,1
Ripley,1
Coming,1
door,2
Tobacco,1
Ragazzi,1
Cider,2
St,1
American,7
So,3
Found,2
Fairy,1
Willows,3
Ingenious,1
Cheese,1
Gods,2
Fathers,1
Vie,1
Nanking,1
Dombey,1
Wood,2
Frightened,1
Tomorrow,1
Austerlitz,2
joints,1
Saville,1
Parliament,1
Bouvard,1
Fatty,1
Beach,1
Jekyll,2
Fall,4
Mighty,1
Shadow,1
Dreams,1
Nostromo,1
Don,7
Dom,1
Weaveworld,1
Dog,3
Foreign,2
Careless,1
Daisy,1
Swiss,1
Dangereuses,1
a,58
Flies,7
Dobson,1
Solaris,1
Sweet,1
Dissolution,1
dragon,1
Cry,,2
File,1
Bed,3
What,3
Purple,5
Gulliver's,2
Atlas,5
Advise,1
Confederacy,5
Horse's,1
Full,1
March,3
late,2
Nations,1
Enduring,1
I,,2
Sound,5
good,2
return,2
Barbarians,1
Michael,1
L,1
Scarpetta,2
Bad,1
Eve,1
Vatican,1
Pleasure,1
Erewhon,1
Liar,1
Savannah,1
Suns,2
Aliens,1
Potter,6
Pavillions,1
Council,1
Rasselas,1
Sport,1
Rumour,1
Pastoral,2
house,2
Gentleman,3
Butcher,1
Waiting,2
Joseph,1
Exhibition,1
Crying,1
More,2
Picture,3
lovers,1
Genesis,1
Flag,1
Trousered,2
Frankenstein,3
Town,3
None,1
According,1
Oroonoko,,1
Caprice,1
Waltz,1
Nine,1
Passtime,1
Serious,1
Male,2
Nino,1
Recognitions,1
Grass,3
Lescaut,1
People,4
Songlines,1
Years,12
Past,7
Reivers,1
Dorian,3
Lucinda,3
Slaughter-House,1
Heloise,1
Reluctant,1
Fatalist,1
Zazie,2
Sea,,1
Remains,3
Topper,1
Gilbert,1
Persuasion,3
President's,1
Personality,1
Frost,1
Lights,,1
Victorian,1
Delta,1
Blindness,2
imperfect,1
Vineland,1
Locust,1
Headlong,1
Lancashire,1
Sour,1
Road,17
Cancer,1
Hunger,4
Judgment,1
Regeneration,1
Concentration,1
Extinction,1
Affairs,2
Ballet,1
Oliver,2
Postman,1
Revelation,1
Peace,9
Father,1
Catch-22,9
It,3
Late,4
Orange,5
Sentimental,2
God's,1
Answer,1
Fool,1
nights,1
built,1
Power,2
Julie,,1
Club,3
Lucia,1
Kim,1
With,2
Teacher,2
angel's,1
Kid,1
Revolutionary,1
Rage,1
In,5
Go!,1
Munchausen,1
most,2
Grain,1
Marner,1
The,679
Bridge,1
Prizewinner,1
Zen,2
Jaimie,1
Ivanhoe,1
Lodging,1
Robinson,3
Cloud,2
Blondes,1
Ham,1
Lettres,1
Norris,1
Deadly,1
Dolores,1
Gruffalo's,1
Gilead,2
Poetic,1
Hill,2
Maisy,,1
Forward,1
Suite,2
Fatal,2
Henderson,1
Kingdom,1
Glastonbury,1
justice,1
Honour,1
Dune,4
Schooldays,1
Rackrent,1
Al-Rassan,1
Solomon's,2
Razor's,1
factor,1
Pooh,3
Penguin,1
Prime,2
his,2
Magic,2
Wife,5
Notes,2
3/4,1
Struwwelpeter,1
target,1
Clarissa,2
d'Urbervilles,2
Damocles,1
Random,1
Smilla's,1
Female,1
Hell,1
Navarone,1
art,1
For,6
France,1
are,1
domain,2
close,1
Lolly,1
Tulayev,1
Song,3
Towers,2
Zorro,1
Meaulnes,2
Park,3
Behaviour,1
Sons,2
Freedom,1
King,7
Kind,1
missing,1
Manual,2
Against,1
African,1
Served,1
lightness,1
Maker,2
last,1
Hare,1
Hard,3
Machine-Gunners,1
Sherlock,1
Marriage,1
Lieutenant's,1
Wao,1
Temperature,1
Gilded,1
English,2
Way,4
Feather,1
Was,1
War,16
Cabin,2
Hater,1
Play,3
Brothers,3
Changes,1
overlook,1
secret,2
Rogue,3
Aforethought,1
God,4
collaborator,1
Women,9
Polly,1
Daughter,3
Cranford,2
fire,1
Casino,1
Tristram,3
Starting,1
(Katherine,1
Old,11
Memoirs,8
Taste,1
Rachel,1
Repose,1
Wieland,1
Change,1
Measure,1
Cold,6
Miss,4
City,2
Middlesex,3
Outsider,1
Orphan,1
Blandings,1
Commitments,1
Northanger,1
Tin,4
Mysteries,2
Schindler's,2
Eyes,2
trial,1
Satanic,1
Swallows,1
Or,,1
Virginian,1
Adventure,1
Earthly,1
Cop,1
About,2
Unconsoled,1
Scenes,1
kill,1
Monk,1
Laughter,1
Darkroom,1
dark,1
Zeno,1
Enfants,1
Son,2
Woosters,2
Lanark,1
Girl,2
Living,1
Takes,1
Gorit,1
Narziss,1
Gursky,1
Pamela,1
We're,1
Musketeers,4
Papers,1
Neon,1
Hideous,1
Francaise,2
Chocolate,1
exhibition,1
Asterix,1
Front,4
Royale,1
...,1
Last,9
Tortoise,1
Glory,1
Of,8
Married,1
Air,2
Billy,1
game,1
Carrie,1
Harlem,1
Twlight,1
Claudius,1
Alexandria,1
Skeleton,1
Pendulum,1
Couples,1
Finn,7
Bones,5
Fine,2
Capture,1
Little,16
Silent,2
Andersonville,2
Fahrenheit,6
Atonement,4
Pig,1
Memet,1
Possession,2
Bassington,1
Confidential,1
Fire,2
Pécuchet,1
Nothing,2
Intersection,1
Corduroy,1
Roxana,1
Boy,5
Liaisons,1
Look,1
Tlooth,1
Barton,1
David,5
Prejudice,7
lasts,1
Wapshot,1
by,1
Summer,,1
Square,2
Wobegon,1
Lion,1
Captain,3
Row,1
Baron,2
into,1
Companions,1
Elmer,1
Young,6
Everything,1
Millennium,1
Fresh,1
Ruth,1
Illuminated,1
Ratking,1
Painted,1
Explanation,1
Where's,1
Bone,1
Excellent,1
Coma,1
:,7
Painter,1
Fly,1
Animals,1
Shock,1
Slavery,1
Cigarettes,1
Afternoon,1
Hitchhiker's,9
Gargantua,1
Quixote,6
I'll,1
Office,1
Belisarius,1
Amazons,1
Streets,1
Africa,2
Sense,3
Harpole,1
Sings,1
Apes,1
Underworld,3
Aesop's,1
Cross's,1
Chocolates,1
Cross,4
To,15
Novel,2
Mahatma,1
New,16
Lecture,1
Map,1
Murder,3
Harding,1
May,1
Baskervilles,2
Mad,1
Sisters,1
Manon,1
Rises,2
Man,33
Case,6
Crome,1
Metro,2
Quarantine,1
Suburbia,1
Laughing,2
land,1
Scent,1
Am,1
An,4
As,3
At,4
Turner,1
Karamazov,3
Jim,4
Million,1
Cuckoo's,4
Libra,1
Lark,1
Gil,1
Shandy,,3
detectives,1
Someone,1
Betrothed,1
Means,1
Miserables,1
Piccadilly,1
Meany,3
Glass,5
Step,1
Queeney,1
Not,3
Goriot,1
Now,2
Candide,2
Titus,1
Fixer,1
Brute,1
Lagoon,1
Elbow,1
Feeling,1
Spy,4
Maurice,1
Unfortunates,1
Anemone,1
Goodnight,1
verdict,1
Howard,1
Magus,1
Blackwater,1
Brief,1
Long,4
Insult,1
State,1
Pacific,2
Zorba,1
Tropic,2
abominable,1
Lonely,4
Stranger,10
19th,1
Line,2
Lightness,3
Richshaw,1
Light,3
Biscuit,1
Greek,1
Green,7
Clay,3
Ice-Cream,1
fifteen,1
Lorna,1
great,1
Palace,3
Forgetting,1
Fortunes,2
McTeague,1
Ardor,1
Pale,2
Mountain,6
Blake,1
Doctor,1
confession,1
Ships,1
Fingersmith,1
Exit,3
Finger,1
Carve,1
Nice,1
Breathing,2
from,9
Germinal,3
next,1
Matters,2
Wedding,2
Memphis,1
hornets',1
Count,5
Land,3
1/2,1
on,15
fiend,1
Gun,1
Flanders,1
Bottle,1
Trains,1
Revisited,2
Affair,2
crosses,1
Penrod,1
this,1
Library,2
of,345
Shining,1
Dunces,5
Seat,1
bones,2
Lovely,2
Christmas,3
Rosie,2
Godfather,1
Beast,1
trilogy,1
Whale,1
Friends,1
underpants!,1
Ghost,1
England,,1
Mrs,2
Sarajevo,1
Qualities,2
Misérables,5
Letters,1
Esq.,1
Grub,1
One,21
Guard,1
Weather,2
Farewell,4
Kings,2
Wilson,1
Raise,1
Buddenbrooks,1
Buddha,1
Blue,6
thyself,1
Bird,3
du,1
la,1
Stallion,1
Cellars,1
Beginners,1
Steppenwolf,1
Luis,1
Loved,2
Mandarins,1
Cat,2
Adam,1
Loves,1
Lover,2
front,1
Venus,3
day,1
Summer,1
San,1
warned,1
Sporting,1
Say,1
Mask,1
Ambassadors,1
Sat,1
Gorky,1
Molloy,1
From,3
Revenentes,1
Treasure,2
bogey,1
Floss,1
Postmortem,1
special,1
Moreau,1
Motherless,1
Season,3
Arthur's,1
Kindred,1
Sidetracked,1
Cuckoos,1
Always,1
Tub,1
red,1
This,3
Yearling,1
Voyeur,1
Thin,1
Corrections,1
Meet,1
Passing,1
Kavalier,3
Gone,6
Flesh,2
Phlebas,1
Owen,4
Pick-up,1
Moll,1
times,1
d'Emploi,1
Hyde,2
Hanging,1
Divine,1
Sinji,1
Landscape,1
Lamb,2
Hotel,1
Otranto,1
451,6
Bergerac,1
Cradle,1
Solder,,1
Guns,1
North,1
Centre,1
Farm,10
Voss,1
Another,1
Vegas,1
Evelina,1
Wings,1
Actual,1
Werewolf,1
Melmoth,1
Cannery,1
Azincourt,1
Ladies,1
Thief,1
Condition,1
lover,1
Information,1
Tristesse,1
Angle,1
Richard,2
Pay,1
Gentlemen,1
Secret,8
Other,1
Pad,1
Pants,1
unbearable,1
Series,3
Thousand,5
After,1
Flaubert's,1
Flew,4
Invisible,7
Humaine,3
Builds,1
who,3
Cheri,1
Dragon's,1
Without,2
Mode,1
Copperfield,5
Politics,1
prisoner,1
Expedition,1
Summons,1
High,4
Bend,2
Drowned,1
Tender,1
Earth,10
park!,1
Saturday,1
Lessons,3
Unbearable,4
Body?,1
Invitation,1
Small,2
Under,6
Independence,2
Singing,1
Winter's,2
Courage,1
Moo,1
York,3
Gatsby,9
Jacob,1
Legend,1
hope,1
Slept,1
cellist,1
Enemies,,1
bear,1
Stories,3
words,1
Restraint,1
River,2
Once,2
Blowdown,2
Bright,1
Ironweed,1
Algernon,2
Question,1
Zoo,1
Passion,3
Immoralist,1
Mysterious,2
Pi,6
Hurrah,1
Grows,1
Porterhouse,1
Good,11
Slave,1
Omnibus,1
Wearing,1
Smarest,1
Alice's,4
Study,1
S,1
Race,1
Are?,1
Bums,1
Strain,1
Talk,1
Dreamer,1
Her,1
Portobello,1
Squire,1
Girls,1
Music,4
Lot,1
Holiday,1
Arturo's,1
Fables,1
Get,1
Incident,3
Oranges,1
Honor,1
Brooklyn,3
Mansfield,1
Vurt,1
Face,2
Sadness,1
Claudine,1
Guernsey,1
Cousin,1
Remorseful,1
And,1
novel,3
Tom's,2
Augie,2
Clockwork,5
Dole,1
Giovanni's,1
wild,1
Bomber,1
Siddhartha,3
Any,1
Selfish,1
Geisha,4
Mines,1
Literary,1
Pretty,1
Toxic,1
You,5
Zanoni,1
Genji,2
Outsiders,1
Loving,1
tattoo,1
Fever,1
Return,1
Garden,4
Tinkers,1
Hunter,2
cross,1
Bear,1
Wimbledon,1
Bead,3
Third,2
outcast,1
Malone,1
Alms,1
Widowed,1
Meaney,1
Sessions,1
Julia,1
Tinker,,2
Remembrance,6
Gables,4
Flower,1
Provincial,1
flesh,1
Mother,2
Blows,1
Sunday,3
Beloved,7
Collected,2
Lac,1
Oh,,1
Blott,1
Far,4
Eggs,1
Friday,2
Broker,1
Wakefield,1
Untouchable,1
Pnin,1
crack,1
Mouth,1
Institution,1
Portnoy's,1
Hearing,1
Drum,3
Shipping,2
Sawyer,2
Half-Shell,1
Dinner,1
Volcano,2
Jamaica,1
England,3
Kite,5
lost,2
Feverek,1
Influence,1
Honey,1
Scarlet,7
Night-Time,2
Deliverance,1
Counterfeiters,1
lose,1
Fear,3
Loss,1
Sun,4
Comfort,3
Climate,1
Underground,1
home,1
Audley's,1
Jonathan,2
Meridian,3
Eugene,1
Cleves,1
Lecturer's,1
Handful,1
Loathing,1
Country,6
Anglo-Saxon,1
Herland,1
Maus,1
Heaven,2
Eden,4
Skin,1
Up,1
Us,1
Poisoner,1
Scoop,3
host,1
Materials,6
sister,1
December,2
Pointed,1
Lewis),1
Moskat,1
Vileodies,1
Handmaid's,5
Fable,1
Portrait,4
Aged,1
Mayor,1
Rape,1
Really,1
Voyage,1
Benjamenta,1
letters,1
Comedie,1
French,1
Two,6
loner,1
scones,1
Amongst,1
brass,1
Covenant,1
1984,9
Poisoned,1
Trinian's,1
Assistant,1
Train,1
Lydia,1
Santillane,1
Grapes,8
Child,2
Dust,2
November,1
Champions,2
Epitaph,1
Was,,1
Maldoror,1
Der,1
Well,1
Chamber,1
Faraway,1
Doone,1
Crusoe,2
Witches,1
Mirth,3
Antonia,1
Balance,2
Himself:,1
Gathering,2
Charlotte's,2
glory,2
Tea,1
Flags,1
Live,4
Non-Stop,1
Walk,1
Twist,2
stories,2
Polygots,1
Einstein,1
Vagabond,1
Homesick,1
Mandolin,1
Rye,9
Lake,1
Affinity,1
Doors,1
et,1
flight,1
Fountainhead,4
Bovary,4
Fate,1
49,1
44,1
Georgie,1
other,4
Five,2
Know,1
Fractured,1
Chatterley's,1
Like,1
Lost,2
Secrets,1
Future,1
Lustrum,1
Chateau,1
Norrell,2
South,5
Scriptwriter,1
Lush,1
news?,1
Private,1
Microserfs,1
Sleep,3
Therese,1
Orders,1
8th,1
